{
	"info": {
		"_postman_id": "4600a0a7-3d5e-4c67-8ffb-457a70b12afd",
		"name": "Shor service",
		"schema": "https://schema.getpostman.com/json/collection/v2.1.0/collection.json",
		"_exporter_id": "15157890"
	},
	"item": [
		{
			"name": "Shor local simulator",
			"request": {
				"method": "GET",
				"header": [],
				"url": {
					"raw": "http://localhost:8080/shor_simulator?N=15&a=7",
					"protocol": "http",
					"host": [
						"localhost"
					],
					"port": "8080",
					"path": [
						"shor_simulator"
					],
					"query": [
						{
							"key": "N",
							"value": "15"
						},
						{
							"key": "a",
							"value": "7"
						}
					]
				}
			},
			"response": []
		},
		{
			"name": "Shor sv1 simulator AWS",
			"request": {
				"method": "GET",
				"header": [],
				"url": {
					"raw": "http://localhost:8080/shor_simulator_sv1?N=15&a=7",
					"protocol": "http",
					"host": [
						"localhost"
					],
					"port": "8080",
					"path": [
						"shor_simulator_sv1"
					],
					"query": [
						{
							"key": "N",
							"value": "15"
						},
						{
							"key": "a",
							"value": "7"
						}
					]
				}
			},
			"response": []
		}
	]
}